date,time_utc,game_id,identity,league,activation_progress,trigger_line,q3_score,required,league_avg,final_total,outcome,line_state,n_fire
2026-09-16,00:44:10,30918786,75%,TBSL,97.5,162.5,126,6.5,4.169,154,UNDER,clean,2
2026-09-16,00:48:59,30918735,75%,NBA,97.5,241.5,191,6.5,5.637,234,UNDER,clean,1
2026-09-16,00:49:01,30918741,75%,NBA,97.5,202.5,154,6.5,5.637,195,UNDER,clean,1
2026-09-16,00:49:02,30918744,75%,NBA,97.5,228.5,175,6.5,5.637,218,UNDER,clean,1
2026-09-16,00:53:22,30918877,75%,KBL,77.5,193.5,154,4.056,3.888,193,UNDER,clean,3
2026-09-16,00:57:38,30918856,75%,CBA,97.5,196.5,157,7.5,4.46,192,UNDER,clean,1
2026-09-16,01:09:08,30918910,75%,EuroLeague,97.5,155.5,119,5.5,4.3,157,OVER,clean,2
2026-09-16,01:09:09,30918911,75%,EuroLeague,97.5,181.5,144,5.5,4.3,184,OVER,clean,1
2026-09-16,01:09:10,30918915,75%,EuroLeague,97.5,172.5,134,5.5,4.3,158,UNDER,clean,2
2026-09-16,01:15:04,30918959,75%,TBSL,75.0,179.5,141,4.45,4.168,173,UNDER,clean,1
2026-09-16,01:16:14,30918958,75%,TBSL,77.5,176.5,135,4.389,4.168,166,UNDER,clean,2
2026-09-16,01:25:48,30918990,75%,NBA,75.0,277.5,216,6.25,5.637,283,OVER,clean,3
2026-09-16,01:25:48,30918990,Q3_BREAK,NBA,75.0,277.5,216,6.15,5.637,283,OVER,clean,1
2026-09-16,01:28:29,30919028,75%,CBA,75.0,235.5,187,5.05,4.46,243,OVER,clean,10
2026-09-16,01:28:29,30919028,Q3_BREAK,CBA,75.0,235.5,187,4.85,4.46,243,OVER,clean,1
2026-09-16,01:28:30,30919029,Q3_BREAK,CBA,75.0,194.5,148,4.65,4.46,195,OVER,clean,1
2026-09-16,01:28:37,30912445,75%,CYBER,96.77,200.5,148,5.484,4.471,200,UNDER,clean,6
2026-09-16,01:32:40,30919114,75%,KBL,75.0,207.5,166,4.15,3.889,197,UNDER,clean,6
2026-09-16,01:32:40,30919114,Q3_BREAK,KBL,75.0,207.5,166,4.15,3.889,197,UNDER,clean,1
2026-09-16,01:33:20,30919113,75%,KBL,75.0,177.5,140,4.05,3.889,171,UNDER,clean,8
2026-09-16,01:36:50,30918988,75%,NBA,97.5,193.5,147,7.5,5.637,188,UNDER,clean,1
2026-09-16,01:40:12,30919169,75%,EuroLeague,75.0,179.5,136,4.75,4.3,180,OVER,clean,4
2026-09-16,01:41:17,30919168,75%,EuroLeague,77.5,215.5,172,4.5,4.3,221,OVER,clean,3
2026-09-16,02:17:35,30919480,75%,CBA,97.5,173.5,141,5.5,4.461,170,UNDER,clean,1
2026-09-16,02:24:55,30919468,75%,NBA,97.5,243.5,194,6.5,5.638,242,UNDER,clean,1
2026-09-16,02:28:57,30919554,75%,EuroLeague,97.5,154.5,121,5.5,4.301,148,UNDER,clean,2
2026-09-16,02:28:58,30919555,75%,EuroLeague,97.5,172.5,136,7.5,4.301,172,UNDER,clean,2
2026-09-16,02:52:52,30920091,75%,KBL,75.0,158.5,93,6.55,3.889,118,UNDER,clean,8
2026-09-16,02:52:52,30920091,Q3_BREAK,KBL,75.0,158.5,93,6.55,3.889,118,UNDER,clean,1
2026-09-16,02:54:02,30912446,75%,CYBER,75.0,228.5,171,4.708,4.47,225,UNDER,clean,13
2026-09-16,02:54:02,30912446,Q3_BREAK,CYBER,75.0,228.5,171,4.792,4.47,225,UNDER,clean,1
2026-09-16,02:54:53,30920094,75%,KBL,80.0,156.5,120,4.188,3.889,170,OVER,clean,2
2026-09-16,02:57:46,30920071,75%,CBA,97.5,172.5,134,5.5,4.461,165,UNDER,clean,1
2026-09-16,02:58:06,30912449,75%,CYBER,86.15,210.5,155,4.737,4.47,210,UNDER,clean,4
2026-09-16,02:59:57,30912452,75%,CYBER,85.46,224.5,169,4.656,4.47,224,UNDER,clean,7
2026-09-16,03:00:08,30920134,Q3_BREAK,EuroLeague,75.0,184.5,139,4.55,4.301,190,OVER,clean,1
2026-09-16,03:01:29,30920134,75%,EuroLeague,77.5,184.5,139,4.5,4.301,190,OVER,clean,2
2026-09-16,03:02:46,30920300,Q3_BREAK,CYBER,75.0,190.5,133,4.792,4.47,191,OVER,clean,1
2026-09-16,03:04:43,30920300,75%,CYBER,78.29,190.5,133,4.75,4.47,191,OVER,clean,21
2026-09-16,03:09:07,30920139,75%,EuroLeague,97.5,154.5,119,5.5,4.301,157,OVER,clean,2
2026-09-16,03:12:37,30920102,75%,NBA,97.5,244.5,197,7.5,5.639,244,UNDER,clean,1
2026-09-16,03:24:13,30920239,75%,TBSL,97.5,163.5,126,4.5,4.169,156,UNDER,clean,1
2026-09-16,03:40:25,30920286,75%,KBL,95.0,179.5,142,4.25,3.889,168,UNDER,clean,2
2026-09-16,03:47:08,30920324,75%,EuroLeague,92.5,178.5,140,4.5,4.301,184,OVER,clean,2
2026-09-16,04:00:34,30920332,75%,NBA,97.5,207.5,159,6.5,5.638,203,UNDER,clean,1
2026-09-16,04:00:37,30920337,75%,NBA,97.5,207.5,162,7.5,5.638,198,UNDER,clean,1
2026-09-16,04:00:38,30920338,75%,NBA,97.5,207.5,164,7.5,5.638,203,UNDER,clean,1
2026-09-16,04:00:39,30920340,75%,NBA,97.5,214.5,170,6.5,5.638,215,OVER,clean,1
2026-09-16,04:19:19,30912464,75%,CYBER,88.27,209.5,156,4.707,4.47,218,OVER,clean,4
2026-09-16,04:19:51,30912461,75%,CYBER,76.62,190.5,141,4.679,4.47,195,OVER,clean,6
2026-09-16,04:20:09,30920524,75%,EuroLeague,75.0,193.5,144,4.95,4.302,187,UNDER,clean,6
2026-09-16,04:20:09,30920524,Q3_BREAK,EuroLeague,75.0,193.5,144,4.95,4.302,187,UNDER,clean,1
2026-09-16,04:21:31,30920481,75%,KBL,97.5,161.5,130,5.5,3.889,172,OVER,clean,1
2026-09-16,04:21:33,30920483,75%,KBL,97.5,149.5,115,5.5,3.889,152,OVER,clean,1
2026-09-16,04:29:20,30920525,75%,EuroLeague,97.5,196.5,153,7.5,4.302,179,UNDER,clean,1
2026-09-16,04:29:21,30920526,75%,EuroLeague,97.5,177.5,137,6.5,4.302,172,UNDER,clean,1
2026-09-16,04:32:30,30920250,75%,CYBER,97.92,227.5,179,5.5,4.469,218,UNDER,clean,2
2026-09-16,04:37:57,30920565,Q3_BREAK,NBA,75.0,297.5,235,6.25,5.637,288,UNDER,clean,1
2026-09-16,04:50:50,30920652,75%,CBA,80.0,182.5,138,4.688,4.459,194,OVER,clean,1
2026-09-16,05:00:35,30920686,Q3_BREAK,EuroLeague,75.0,191.5,146,4.55,4.302,196,OVER,clean,1
2026-09-16,05:01:13,30920686,75%,EuroLeague,77.5,191.5,146,4.611,4.302,196,OVER,clean,3
2026-09-16,05:03:14,30912463,75%,CYBER,77.33,218.5,165,4.734,4.47,229,OVER,clean,14
2026-09-16,05:15:12,30920752,Q3_BREAK,TBSL,75.0,192.5,148,4.45,4.169,187,UNDER,clean,1
2026-09-16,05:18:09,30920752,75%,TBSL,82.5,192.5,148,4.5,4.169,187,UNDER,clean,1
2026-09-16,05:32:59,30912466,75%,CYBER,88.19,205.5,154,4.674,4.47,198,UNDER,clean,14
2026-09-16,05:36:33,30920760,75%,NBA,97.5,224.5,178,8.5,5.638,220,UNDER,clean,1
2026-09-16,05:36:36,30920764,75%,NBA,97.5,211.5,173,6.5,5.638,212,OVER,clean,1
2026-09-16,05:41:38,30920829,75%,KBL,97.5,170.5,134,7.5,3.888,172,OVER,clean,1
2026-09-16,05:49:17,30920903,75%,EuroLeague,97.5,194.5,152,6.5,4.302,191,UNDER,clean,1
2026-09-16,05:49:18,30920906,75%,EuroLeague,97.5,139.5,104,5.5,4.302,132,UNDER,clean,1
2026-09-16,05:49:19,30920908,75%,EuroLeague,97.5,170.5,136,5.5,4.302,169,UNDER,clean,1
2026-09-16,05:49:19,30920909,75%,EuroLeague,97.5,200.5,161,4.5,4.302,207,OVER,clean,1
2026-09-16,05:55:19,30920969,75%,TBSL,75.0,169.5,129,4.35,4.169,163,UNDER,clean,2
2026-09-16,06:04:31,30920972,75%,TBSL,97.5,168.5,133,7.5,4.169,164,UNDER,clean,1
2026-09-16,06:55:36,30921457,75%,KBL,82.5,188.5,153,4.5,3.889,192,OVER,clean,2
2026-09-16,07:24:18,30921627,75%,TBSL,97.5,162.5,130,5.5,4.168,157,UNDER,clean,1
2026-09-16,08:17:39,30922057,75%,CBA,97.5,167.5,129,5.5,4.458,175,OVER,clean,1
2026-09-16,08:22:45,30922127,75%,EuroLeague,80.0,195.5,152,4.562,4.302,196,OVER,clean,5
2026-09-16,08:32:00,30920965,75%,CYBER,75.0,244.5,188,4.708,4.47,225,UNDER,clean,16
2026-09-16,08:32:00,30920965,Q3_BREAK,CYBER,75.0,244.5,188,4.708,4.47,225,UNDER,clean,1
2026-09-16,08:38:14,30922299,75%,TBSL,82.5,180.5,142,4.357,4.167,187,OVER,clean,2
2026-09-16,08:44:09,30920966,Q3_BREAK,CYBER,75.0,218.5,159,4.958,4.471,221,OVER,clean,1
2026-09-16,08:45:53,30920966,75%,CYBER,77.08,218.5,159,4.682,4.471,221,OVER,clean,8
2026-09-16,08:56:22,30922426,75%,KBL,85.0,178.5,141,4.25,3.888,182,OVER,clean,2
2026-09-16,08:57:27,30922409,75%,CBA,97.5,187.5,146,6.5,4.459,183,UNDER,clean,1
2026-09-16,09:04:15,30920977,Q3_BREAK,CYBER,75.0,215.5,155,5.042,4.471,196,UNDER,clean,1
2026-09-16,09:09:16,30920977,75%,CYBER,82.81,215.5,155,4.667,4.471,196,UNDER,clean,6
2026-09-16,09:25:27,30922630,75%,NBA,75.0,243.5,182,6.15,5.638,236,UNDER,clean,1
2026-09-16,09:25:27,30922630,Q3_BREAK,NBA,75.0,243.5,182,6.15,5.638,236,UNDER,clean,1
2026-09-16,09:36:48,30922635,75%,NBA,97.5,216.5,166,7.5,5.638,208,UNDER,clean,1
2026-09-16,09:37:33,30922702,75%,CBA,97.5,182.5,143,5.5,4.458,178,UNDER,clean,1
2026-09-16,09:40:02,30922802,75%,EuroLeague,75.0,201.5,156,4.55,4.303,201,UNDER,clean,4
2026-09-16,09:40:02,30922802,Q3_BREAK,EuroLeague,75.0,201.5,156,4.55,4.303,201,UNDER,clean,1
2026-09-16,09:40:11,30922803,75%,EuroLeague,75.0,192.5,147,4.55,4.303,194,OVER,clean,2
2026-09-16,09:40:11,30922803,Q3_BREAK,EuroLeague,75.0,192.5,147,4.55,4.303,194,OVER,clean,1
2026-09-16,09:49:12,30922806,75%,EuroLeague,97.5,171.5,134,5.5,4.303,170,UNDER,clean,1
2026-09-16,09:49:13,30922807,75%,EuroLeague,97.5,183.5,142,6.5,4.303,179,UNDER,clean,1
2026-09-16,09:58:10,30922900,75%,TBSL,82.5,193.5,151,4.357,4.168,200,OVER,clean,1
2026-09-16,10:20:12,30923211,75%,EuroLeague,75.0,226.5,178,5.25,4.304,222,UNDER,clean,14
2026-09-16,10:20:12,30923211,Q3_BREAK,EuroLeague,75.0,226.5,178,4.85,4.304,222,UNDER,clean,1
2026-09-16,10:23:12,30922158,75%,CYBER,75.0,229.5,173,4.708,4.47,229,UNDER,clean,33
2026-09-16,10:23:12,30922158,Q3_BREAK,CYBER,75.0,229.5,173,4.708,4.47,229,UNDER,clean,1
2026-09-16,10:24:31,30923072,75%,NBA,97.5,216.5,167,6.5,5.637,202,UNDER,clean,1
2026-09-16,10:24:32,30923074,75%,NBA,97.5,228.5,174,7.5,5.637,218,UNDER,clean,1
2026-09-16,10:24:33,30923075,75%,NBA,97.5,256.5,201,6.5,5.637,251,UNDER,clean,1
2026-09-16,10:24:35,30923078,75%,NBA,97.5,219.5,171,6.5,5.637,208,UNDER,clean,1
2026-09-16,10:26:14,30922156,75%,CYBER,75.35,219.5,165,4.691,4.47,214,UNDER,clean,11
2026-09-16,10:29:05,30923207,75%,EuroLeague,97.5,175.5,139,6.5,4.304,170,UNDER,clean,2
2026-09-16,10:57:26,30923522,75%,CBA,97.5,207.5,164,5.5,4.458,212,OVER,clean,2
2026-09-16,10:57:27,30923526,75%,CBA,97.5,155.5,120,6.5,4.458,165,OVER,clean,2
2026-09-16,11:01:35,30923582,75%,NBA,75.0,248.5,188,6.05,5.637,241,UNDER,clean,2
2026-09-16,11:01:35,30923582,Q3_BREAK,NBA,75.0,248.5,188,6.05,5.637,241,UNDER,clean,1
2026-09-16,11:01:41,30923575,75%,NBA,75.0,274.5,210,6.35,5.637,279,OVER,clean,3
2026-09-16,11:01:41,30923575,Q3_BREAK,NBA,75.0,274.5,210,6.45,5.637,279,OVER,clean,1
2026-09-16,11:08:16,30923651,75%,EuroLeague,95.0,188.5,147,4.75,4.304,191,OVER,clean,1
2026-09-16,11:09:21,30923648,75%,EuroLeague,97.5,156.5,124,5.5,4.304,157,OVER,clean,1
2026-09-16,11:12:43,30923581,75%,NBA,97.5,223.5,174,6.5,5.637,223,UNDER,clean,1
2026-09-16,11:18:15,30923801,75%,TBSL,82.5,184.5,146,4.357,4.168,183,UNDER,clean,2
2026-09-16,11:29:05,30922159,75%,CYBER,75.0,206.5,147,4.792,4.471,209,OVER,clean,19
2026-09-16,11:29:05,30922159,Q3_BREAK,CYBER,75.0,206.5,147,4.958,4.471,209,OVER,clean,1
2026-09-16,11:35:44,30923931,75%,KBL,82.5,161.5,126,4.071,3.888,160,UNDER,clean,2
2026-09-16,11:37:42,30923895,75%,CBA,97.5,185.5,148,5.5,4.458,196,OVER,clean,1
2026-09-16,11:42:14,30923985,75%,EuroLeague,80.0,200.5,158,4.562,4.304,195,UNDER,clean,1
2026-09-16,11:58:32,30924122,75%,TBSL,82.5,205.5,163,4.357,4.169,212,OVER,clean,1
2026-09-16,12:01:46,30922160,75%,CYBER,77.08,205.5,150,4.682,4.47,213,OVER,clean,12
2026-09-16,12:04:07,30924121,75%,TBSL,97.5,144.5,106,7.5,4.169,133,UNDER,clean,1
2026-09-16,12:04:08,30924123,75%,TBSL,97.5,138.5,104,5.5,4.169,136,UNDER,clean,1
2026-09-16,12:04:35,30922162,75%,CYBER,76.04,230.5,175,4.652,4.47,221,UNDER,clean,7
2026-09-16,12:09:26,30922161,75%,CYBER,88.12,197.5,145,4.825,4.47,190,UNDER,clean,7
2026-09-16,12:12:38,30924232,75%,KBL,75.0,166.5,127,4.05,3.888,160,UNDER,clean,5
2026-09-16,12:20:13,30924270,75%,EuroLeague,75.0,172.5,127,4.55,4.304,182,OVER,clean,2
2026-09-16,12:20:13,30924270,Q3_BREAK,EuroLeague,75.0,172.5,127,4.55,4.304,182,OVER,clean,1
2026-09-16,12:35:34,30924448,Q3_BREAK,TBSL,75.0,217.5,173,4.45,4.168,203,UNDER,clean,1
2026-09-16,12:36:12,30924448,75%,TBSL,77.5,217.5,173,4.5,4.168,203,UNDER,clean,3
2026-09-16,12:38:08,30924444,75%,TBSL,82.5,161.5,125,4.357,4.168,166,OVER,clean,1
2026-09-16,12:48:30,30924356,75%,NBA,97.5,238.5,187,6.5,5.639,237,UNDER,clean,1
2026-09-16,12:48:31,30924357,75%,NBA,97.5,246.5,193,6.5,5.639,231,UNDER,clean,1
2026-09-16,12:48:38,30924364,75%,NBA,97.5,253.5,197,7.5,5.639,247,UNDER,clean,1
2026-09-16,12:48:39,30924366,75%,NBA,97.5,225.5,173,7.5,5.639,227,OVER,clean,1
2026-09-16,12:57:21,30922164,75%,CYBER,75.69,238.5,177,5.27,4.47,219,UNDER,clean,31
2026-09-16,12:57:21,30922164,Q3_BREAK,CYBER,75.69,238.5,177,5.125,4.47,219,UNDER,clean,1
2026-09-16,12:57:35,30924521,75%,CBA,97.5,171.5,132,7.5,4.459,172,OVER,clean,1
2026-09-16,12:57:37,30924523,75%,CBA,97.5,189.5,147,5.5,4.459,180,UNDER,clean,1
2026-09-16,12:57:38,30924524,75%,CBA,97.5,158.5,120,5.5,4.459,159,OVER,clean,1
2026-09-16,13:00:18,30924633,75%,EuroLeague,75.0,201.5,154,4.55,4.304,199,UNDER,clean,8
2026-09-16,13:00:18,30924633,Q3_BREAK,EuroLeague,75.0,201.5,154,4.75,4.304,199,UNDER,clean,1
2026-09-16,13:09:24,30924629,75%,EuroLeague,97.5,134.5,103,6.5,4.304,123,UNDER,clean,1
2026-09-16,13:24:05,30924719,75%,TBSL,97.5,162.5,126,7.5,4.169,157,UNDER,clean,1
2026-09-16,13:24:05,30924720,75%,TBSL,97.5,167.5,133,4.5,4.169,167,UNDER,clean,1
2026-09-16,13:25:53,30924778,Q3_BREAK,NBA,75.0,285.5,225,6.05,5.639,276,UNDER,clean,1
2026-09-16,13:28:34,30924826,75%,CBA,75.0,226.5,178,4.85,4.458,228,OVER,clean,7
2026-09-16,13:28:34,30924826,Q3_BREAK,CBA,75.0,226.5,178,4.85,4.458,228,OVER,clean,1
2026-09-16,13:36:51,30924769,75%,NBA,97.5,209.5,162,7.5,5.639,200,UNDER,clean,1
2026-09-16,13:36:52,30924770,75%,NBA,97.5,181.5,139,6.5,5.639,189,OVER,clean,1
2026-09-16,13:36:57,30924778,75%,NBA,97.5,285.5,225,8.5,5.639,276,UNDER,clean,1
2026-09-16,13:37:29,30924864,75%,KBL,87.5,168.5,132,4.1,3.888,173,OVER,clean,2
2026-09-16,13:37:40,30924825,75%,CBA,97.5,168.5,129,5.5,4.458,156,UNDER,clean,2
2026-09-16,13:40:00,30925041,75%,EuroLeague,75.0,207.5,160,4.65,4.303,209,OVER,clean,19
2026-09-16,13:40:00,30925041,Q3_BREAK,EuroLeague,75.0,207.5,160,4.75,4.303,209,OVER,clean,1
2026-09-16,13:41:10,30924863,75%,KBL,97.5,148.5,116,4.5,3.888,150,OVER,clean,1
2026-09-16,13:48:57,30925033,75%,EuroLeague,97.5,155.5,114,5.5,4.303,148,UNDER,clean,1
2026-09-16,13:48:59,30925037,75%,EuroLeague,97.5,164.5,126,4.5,4.303,170,OVER,clean,2
2026-09-16,15:55:55,30926047,75%,TBSL,75.0,167.5,127,4.45,4.169,180,OVER,clean,3
2026-09-16,16:25:26,30926118,75%,NBA,97.5,229.5,178,7.5,5.639,227,UNDER,clean,3
2026-09-16,16:30:11,30926187,75%,EuroLeague,97.5,176.5,136,4.5,4.304,177,OVER,clean,2
2026-09-16,16:39:07,30926275,75%,TBSL,82.5,174.5,135,4.357,4.169,175,OVER,clean,1
2026-09-16,16:45:05,30926272,75%,TBSL,97.5,152.5,117,5.5,4.169,142,UNDER,clean,1
2026-09-16,16:58:34,30926310,75%,CBA,97.5,179.5,139,6.5,4.458,183,OVER,clean,2
2026-09-16,17:01:03,30926373,75%,EuroLeague,75.0,200.5,155,5.05,4.305,198,UNDER,clean,17
2026-09-16,17:01:03,30926373,Q3_BREAK,EuroLeague,75.0,200.5,155,4.55,4.305,198,UNDER,clean,1
2026-09-16,17:06:06,30926376,75%,EuroLeague,87.5,192.5,150,4.5,4.305,195,OVER,clean,3
2026-09-16,17:10:01,30926371,75%,EuroLeague,97.5,154.5,118,7.5,4.305,153,UNDER,clean,2
2026-09-16,17:10:02,30926372,75%,EuroLeague,97.5,144.5,111,4.5,4.305,135,UNDER,clean,1
2026-09-16,17:10:04,30926375,75%,EuroLeague,97.5,201.5,157,5.5,4.305,197,UNDER,clean,1
2026-09-16,17:13:31,30926363,75%,NBA,97.5,244.5,193,7.5,5.639,249,OVER,clean,1
2026-09-16,17:37:34,30926481,75%,CBA,95.0,179.5,134,4.75,4.458,168,UNDER,clean,1
2026-09-16,17:49:08,30926596,75%,EuroLeague,95.0,198.5,157,4.75,4.305,192,UNDER,clean,2
2026-09-16,17:50:09,30926593,75%,EuroLeague,97.5,173.5,137,6.5,4.305,177,OVER,clean,2
2026-09-16,18:01:25,30926617,75%,NBA,97.5,247.5,189,8.5,5.639,240,UNDER,clean,1
2026-09-16,18:01:27,30926622,75%,NBA,97.5,225.5,170,7.5,5.639,212,UNDER,clean,3
2026-09-16,18:05:09,30926761,75%,TBSL,97.5,182.5,142,4.5,4.169,181,UNDER,clean,2
2026-09-16,18:20:59,30926871,75%,EuroLeague,75.0,191.5,146,4.55,4.304,195,OVER,clean,8
2026-09-16,18:20:59,30926871,Q3_BREAK,EuroLeague,75.0,191.5,146,4.55,4.304,195,OVER,clean,1
2026-09-16,18:22:14,30926853,75%,KBL,97.5,157.5,127,4.5,3.888,155,UNDER,clean,3
2026-09-16,18:30:07,30926867,75%,EuroLeague,97.5,154.5,122,6.5,4.304,159,OVER,clean,3
2026-09-16,18:35:34,30922198,75%,CYBER,75.0,224.5,169,4.708,4.47,234,OVER,clean,30
2026-09-16,19:10:07,30927119,75%,EuroLeague,97.5,149.5,116,4.5,4.304,146,UNDER,clean,1
2026-09-16,19:10:08,30927120,75%,EuroLeague,97.5,187.5,147,6.5,4.304,176,UNDER,clean,3
2026-09-16,19:16:01,30927340,Q3_BREAK,TBSL,75.0,171.5,128,4.35,4.17,166,UNDER,clean,1
2026-09-16,19:17:37,30927342,75%,TBSL,77.5,153.5,110,4.833,4.17,139,UNDER,clean,3
2026-09-16,19:17:37,30927342,Q3_BREAK,TBSL,77.5,153.5,110,4.35,4.17,139,UNDER,clean,1
2026-09-16,19:25:08,30927338,75%,TBSL,97.5,174.5,132,4.5,4.17,169,UNDER,clean,1
2026-09-16,19:25:08,30927340,75%,TBSL,97.5,171.5,128,5.5,4.17,166,UNDER,clean,1
2026-09-16,19:25:09,30927341,75%,TBSL,97.5,182.5,142,4.5,4.17,183,OVER,clean,3
2026-09-16,19:49:59,30927475,75%,EuroLeague,97.5,194.5,155,4.5,4.304,202,OVER,clean,3
2026-09-16,19:56:00,30927610,75%,TBSL,75.0,182.5,142,4.45,4.17,194,OVER,clean,1
2026-09-16,19:56:19,30927611,75%,TBSL,75.0,192.5,151,4.35,4.17,192,UNDER,clean,3
2026-09-16,20:34:43,30922203,75%,CYBER,76.19,220.5,168,4.681,4.47,231,OVER,clean,14
2026-09-16,20:45:08,30927851,75%,TBSL,97.5,175.5,135,5.5,4.17,174,UNDER,clean,1
2026-09-16,20:52:05,30922207,75%,CYBER,75.0,240.5,184,4.708,4.471,232,UNDER,clean,22
2026-09-16,20:52:05,30922207,Q3_BREAK,CYBER,75.0,240.5,184,4.708,4.471,232,UNDER,clean,1
2026-09-16,20:54:33,30927915,75%,KBL,77.5,174.5,138,4.056,3.889,183,OVER,clean,2
2026-09-16,20:56:48,30927897,75%,CBA,92.5,152.5,129,7.5,4.458,157,OVER,clean,3
2026-09-16,20:58:30,30927898,75%,CBA,97.5,139.5,103,7.5,4.458,127,UNDER,clean,1
2026-09-16,21:25:19,30927986,75%,TBSL,97.5,171.5,132,5.5,4.17,178,OVER,clean,1
2026-09-16,21:29:34,30928051,75%,CBA,75.0,199.5,155,4.75,4.458,200,OVER,clean,2
2026-09-16,21:38:34,30928052,75%,CBA,97.5,218.5,174,6.5,4.458,212,UNDER,clean,1
2026-09-16,21:39:20,30922219,75%,CYBER,75.0,222.5,167,4.708,4.471,223,OVER,clean,31
2026-09-16,21:40:37,30928867,75%,KBL,92.5,150.5,132,9.167,3.89,149,UNDER,clean,3
2026-09-16,21:41:08,30928911,75%,EuroLeague,75.0,183.5,137,4.65,4.305,177,UNDER,clean,4
2026-09-16,21:41:08,30928911,Q3_BREAK,EuroLeague,75.0,183.5,137,4.65,4.305,177,UNDER,clean,1
2026-09-16,21:41:10,30928913,Q3_BREAK,EuroLeague,75.0,200.5,155,4.55,4.305,207,OVER,clean,1
2026-09-16,21:43:11,30928916,75%,EuroLeague,80.0,192.5,151,4.562,4.305,194,OVER,clean,1
2026-09-16,21:50:11,30928915,75%,EuroLeague,97.5,186.5,146,6.5,4.305,178,UNDER,clean,2
2026-09-16,21:57:07,30929004,75%,TBSL,77.5,186.5,147,4.5,4.17,194,OVER,clean,1
2026-09-16,22:01:38,30928965,75%,NBA,97.5,234.5,180,9.5,5.64,233,UNDER,clean,2
2026-09-16,22:05:03,30929006,75%,TBSL,97.5,168.5,129,6.5,4.17,162,UNDER,clean,2
2026-09-16,22:11:34,30929081,75%,CBA,80.0,198.5,154,4.688,4.458,207,OVER,clean,2
2026-09-16,22:17:46,30929080,75%,CBA,95.0,208.5,165,4.75,4.458,201,UNDER,clean,5
2026-09-16,22:21:21,30929130,75%,EuroLeague,75.0,215.5,169,4.65,4.305,219,OVER,clean,4
2026-09-16,22:21:21,30929130,Q3_BREAK,EuroLeague,75.0,215.5,169,4.65,4.305,219,OVER,clean,1
2026-09-16,22:36:18,30929227,75%,TBSL,75.0,212.5,169,4.65,4.17,219,OVER,clean,10
2026-09-16,22:36:18,30929227,Q3_BREAK,TBSL,75.0,212.5,169,4.35,4.17,219,OVER,clean,1
2026-09-16,22:39:46,30922225,75%,CYBER,80.21,206.5,152,4.684,4.471,215,OVER,clean,8
2026-09-16,22:45:20,30929226,75%,TBSL,97.5,164.5,126,7.5,4.17,169,OVER,clean,1
2026-09-16,22:49:31,30929209,75%,NBA,97.5,219.5,168,7.5,5.64,218,UNDER,clean,2
2026-09-16,23:01:22,30929362,75%,EuroLeague,75.0,197.5,155,4.65,4.306,209,OVER,clean,8
2026-09-16,23:33:18,30929584,Q3_BREAK,KBL,75.0,176.5,136,4.05,3.889,167,UNDER,clean,1
2026-09-16,23:34:18,30929584,75%,KBL,77.5,176.5,136,4.056,3.889,167,UNDER,clean,1
2026-09-16,23:49:54,30929608,75%,EuroLeague,97.5,181.5,141,4.5,4.306,196,OVER,clean,2
2026-09-16,23:49:55,30929609,75%,EuroLeague,97.5,171.5,134,4.5,4.306,166,UNDER,clean,5
2026-09-17,00:44:04,30929780,75%,TBSL,97.5,168.5,129,4.5,4.17,168,UNDER,clean,1
2026-09-17,00:44:05,30929784,75%,TBSL,97.5,160.5,124,6.5,4.17,160,UNDER,clean,1
2026-09-17,00:52:38,30922255,75%,CYBER,75.0,223.5,168,4.875,4.471,225,OVER,clean,8
2026-09-17,00:57:42,30929890,75%,CBA,97.5,166.5,127,6.5,4.457,161,UNDER,clean,1
2026-09-17,00:58:12,30922252,75%,CYBER,75.35,213.5,161,4.691,4.471,210,UNDER,clean,11
2026-09-17,01:00:27,30929940,75%,EuroLeague,75.0,204.5,160,4.65,4.307,204,UNDER,clean,1
2026-09-17,01:15:21,30930002,75%,TBSL,75.0,171.5,134,4.35,4.17,165,UNDER,clean,2
2026-09-17,01:25:26,30930017,75%,NBA,75.0,255.5,201,6.05,5.639,267,OVER,clean,1
2026-09-17,01:33:06,30930120,75%,KBL,75.0,185.5,144,4.15,3.889,181,UNDER,clean,7
2026-09-17,01:33:06,30930120,Q3_BREAK,KBL,75.0,185.5,144,4.15,3.889,181,UNDER,clean,1
2026-09-17,01:48:11,30930144,75%,EuroLeague,95.0,166.5,124,4.75,4.307,156,UNDER,clean,2
2026-09-17,01:55:21,30930405,75%,TBSL,75.0,194.5,151,4.55,4.17,197,OVER,clean,1
2026-09-17,01:55:21,30930405,Q3_BREAK,TBSL,75.0,194.5,151,4.35,4.17,197,OVER,clean,1
2026-09-17,02:02:48,30922258,75%,CYBER,96.5,198.5,147,5.655,4.471,186,UNDER,clean,1
2026-09-17,02:29:14,30930984,75%,EuroLeague,97.5,166.5,131,4.5,4.307,167,OVER,clean,1
2026-09-17,02:36:12,30931077,75%,TBSL,77.5,185.5,145,4.389,4.171,178,UNDER,clean,1
2026-09-17,02:50:55,30931115,75%,CBA,80.0,145.5,115,5.188,4.457,150,OVER,clean,5
2026-09-17,03:00:28,30931155,Q3_BREAK,EuroLeague,75.0,185.5,140,4.55,4.307,185,UNDER,clean,1
2026-09-17,03:01:50,30931144,Q3_BREAK,NBA,75.0,264.5,205,5.95,5.639,256,UNDER,clean,1
2026-09-17,03:24:32,30922273,75%,CYBER,75.94,197.5,142,4.805,4.47,188,UNDER,clean,15
2026-09-17,03:28:51,30931306,75%,CBA,75.0,193.5,151,4.65,4.457,199,OVER,clean,1
2026-09-17,03:49:13,30931364,75%,EuroLeague,97.5,167.5,133,5.5,4.307,172,OVER,clean,1
2026-09-17,03:49:35,30931383,75%,NBA,75.0,261.5,202,5.95,5.639,248,UNDER,clean,2
2026-09-17,03:49:35,30931383,Q3_BREAK,NBA,75.0,261.5,202,5.95,5.639,248,UNDER,clean,1
2026-09-17,03:49:47,30931377,75%,NBA,75.0,267.5,210,5.95,5.639,256,UNDER,clean,2
2026-09-17,03:49:53,30931385,75%,NBA,75.0,260.5,202,6.05,5.639,270,OVER,clean,1
2026-09-17,04:00:32,30931375,75%,NBA,97.5,189.5,141,6.5,5.639,201,OVER,clean,1
2026-09-17,04:00:33,30931378,75%,NBA,97.5,212.5,161,8.5,5.639,218,OVER,clean,1
2026-09-17,04:00:34,30931380,75%,NBA,97.5,265.5,212,7.5,5.639,259,UNDER,clean,1
2026-09-17,04:00:36,30931382,75%,NBA,97.5,242.5,189,7.5,5.639,237,UNDER,clean,1
2026-09-17,04:00:37,30931384,75%,NBA,97.5,222.5,175,7.5,5.639,208,UNDER,clean,1
2026-09-17,04:04:20,30931435,75%,TBSL,97.5,154.5,114,6.5,4.172,154,UNDER,clean,1
2026-09-17,04:20:25,30922280,75%,CYBER,75.0,217.5,161,4.708,4.47,213,UNDER,clean,16
2026-09-17,04:20:25,30922280,Q3_BREAK,CYBER,75.0,217.5,161,4.708,4.47,213,UNDER,clean,1
2026-09-17,04:29:04,30931526,75%,EuroLeague,97.5,179.5,145,7.5,4.307,176,UNDER,clean,1
2026-09-17,04:29:05,30931527,75%,EuroLeague,97.5,171.5,133,7.5,4.307,176,OVER,clean,1
2026-09-17,04:41:22,30922275,75%,CYBER,76.4,197.5,147,4.81,4.47,211,OVER,clean,11
2026-09-17,05:01:29,30931686,75%,KBL,97.5,170.5,134,4.5,3.891,165,UNDER,clean,1
2026-09-17,05:24:03,30931760,75%,TBSL,97.5,179.5,144,4.5,4.171,185,OVER,clean,1
2026-09-17,05:24:05,30931767,75%,TBSL,97.5,149.5,119,4.5,4.171,152,OVER,clean,1
2026-09-17,05:36:30,30931794,75%,CBA,95.0,189.5,146,4.75,4.455,187,UNDER,clean,2
2026-09-17,05:36:40,30931774,75%,NBA,97.5,225.5,179,7.5,5.64,226,OVER,clean,1
2026-09-17,06:08:44,30932120,Q3_BREAK,CBA,75.0,190.5,143,4.75,4.455,181,UNDER,clean,1
2026-09-17,06:14:10,30932119,75%,CBA,87.5,186.5,145,4.7,4.455,190,OVER,clean,1
2026-09-17,06:16:09,30932147,75%,KBL,82.5,155.5,127,4.214,3.891,155,UNDER,clean,1
2026-09-17,06:20:28,30932218,75%,EuroLeague,75.0,189.5,144,4.65,4.306,183,UNDER,clean,5
2026-09-17,06:20:28,30932218,Q3_BREAK,EuroLeague,75.0,189.5,144,4.55,4.306,183,UNDER,clean,1
2026-09-17,06:23:25,30932221,75%,EuroLeague,82.5,206.5,167,4.643,4.306,212,OVER,clean,1
2026-09-17,06:29:21,30932222,75%,EuroLeague,97.5,158.5,125,7.5,4.306,150,UNDER,clean,1
2026-09-17,06:29:23,30932224,75%,EuroLeague,97.5,166.5,135,5.5,4.306,174,OVER,clean,1
2026-09-17,08:17:37,30933226,75%,CBA,97.5,154.5,123,5.5,4.455,162,OVER,clean,1
2026-09-17,08:21:59,30927725,75%,CYBER,75.48,194.5,143,4.715,4.47,191,UNDER,clean,10
2026-09-17,08:34:56,30927727,75%,CYBER,75.0,219.5,165,4.875,4.469,236,OVER,clean,14
2026-09-17,08:36:21,30933395,75%,TBSL,77.5,179.5,145,4.5,4.172,182,OVER,clean,2
2026-09-17,08:38:37,30933370,75%,NBA,75.0,265.5,203,6.25,5.641,254,UNDER,clean,1
2026-09-17,08:38:37,30933370,Q3_BREAK,NBA,75.0,265.5,203,6.25,5.641,254,UNDER,clean,1
2026-09-17,08:42:13,30927726,75%,CYBER,80.67,228.5,173,4.688,4.469,225,UNDER,clean,7
2026-09-17,08:44:15,30933394,75%,TBSL,97.5,180.5,145,4.5,4.172,177,UNDER,clean,1
2026-09-17,09:09:19,30933649,75%,EuroLeague,97.5,182.5,145,6.5,4.305,187,OVER,clean,1
2026-09-17,09:09:21,30933651,75%,EuroLeague,97.5,153.5,118,4.5,4.305,150,UNDER,clean,1
2026-09-17,09:26:34,30927728,75%,CYBER,79.38,160.5,,4.798,4.47,191,OVER,clean,6
2026-09-17,09:30:13,30933872,75%,CBA,77.5,195.5,151,4.944,4.455,183,UNDER,clean,3
2026-09-17,09:33:12,30933927,75%,KBL,75.0,205.5,165,4.25,3.892,191,UNDER,clean,5
2026-09-17,09:33:12,30933927,Q3_BREAK,KBL,75.0,205.5,165,4.05,3.892,191,UNDER,clean,1
2026-09-17,09:37:35,30933873,75%,CBA,97.5,183.5,141,6.5,4.455,164,UNDER,clean,1
2026-09-17,09:40:04,30933993,75%,EuroLeague,75.0,199.5,152,4.95,4.306,205,OVER,clean,14
2026-09-17,09:40:04,30933993,Q3_BREAK,EuroLeague,75.0,199.5,152,4.75,4.306,205,OVER,clean,1
2026-09-17,09:40:58,30933995,75%,EuroLeague,77.5,193.5,151,4.5,4.306,192,UNDER,clean,4
2026-09-17,09:41:15,30933925,75%,KBL,97.5,126.5,99,6.5,3.892,122,UNDER,clean,3
2026-09-17,09:41:16,30933926,75%,KBL,97.5,142.5,115,4.5,3.892,146,OVER,clean,1
2026-09-17,09:58:16,30934120,75%,TBSL,82.5,143.5,110,5.357,4.172,133,UNDER,clean,3
2026-09-17,10:10:10,30927738,75%,CYBER,75.0,192.5,138,4.708,4.469,183,UNDER,clean,9
2026-09-17,10:12:47,30934237,Q3_BREAK,KBL,75.0,176.5,136,4.05,3.892,188,OVER,clean,1
2026-09-17,10:14:30,30934195,75%,NBA,75.0,260.5,202,6.15,5.641,266,OVER,clean,1
2026-09-17,10:14:47,30934237,75%,KBL,80.0,176.5,136,4.188,3.892,188,OVER,clean,2
2026-09-17,10:16:37,30934202,75%,CBA,95.0,196.5,151,4.75,4.454,184,UNDER,clean,1
2026-09-17,10:17:33,30934205,75%,CBA,97.5,164.5,129,7.5,4.454,164,UNDER,clean,1
2026-09-17,10:18:56,30927736,75%,CYBER,83.23,230.5,176,4.783,4.469,224,UNDER,clean,9
2026-09-17,10:33:25,30927737,75%,CYBER,75.0,220.5,165,4.708,4.469,233,OVER,clean,5
2026-09-17,11:01:42,30934652,75%,NBA,75.0,244.5,187,5.95,5.641,248,OVER,clean,1
2026-09-17,11:24:02,30934850,75%,TBSL,97.5,185.5,147,4.5,4.171,194,OVER,clean,1
2026-09-17,11:28:41,30927754,75%,CYBER,76.21,200.5,146,4.685,4.469,200,UNDER,clean,9
2026-09-17,12:20:28,30935399,Q3_BREAK,EuroLeague,75.0,203.5,155,4.85,4.305,201,UNDER,clean,1
2026-09-17,12:20:29,30935402,Q3_BREAK,EuroLeague,75.0,181.5,136,4.55,4.305,177,UNDER,clean,1
2026-09-17,12:21:13,30935399,75%,EuroLeague,77.5,203.5,155,4.611,4.305,201,UNDER,clean,4
2026-09-17,12:29:26,30935396,75%,EuroLeague,97.5,172.5,134,7.5,4.305,169,UNDER,clean,1
2026-09-17,12:41:07,30935505,75%,TBSL,90.0,191.5,150,4.375,4.172,199,OVER,clean,1
2026-09-17,12:48:50,30935476,75%,NBA,97.5,250.5,196,6.5,5.641,251,OVER,clean,1
2026-09-17,12:50:23,30927758,75%,CYBER,75.0,251.5,191,5.042,4.468,245,UNDER,clean,28
2026-09-17,12:50:23,30927758,Q3_BREAK,CYBER,75.0,251.5,191,5.042,4.468,245,UNDER,clean,1
2026-09-17,12:52:39,30935646,75%,KBL,75.0,155.5,117,4.05,3.892,160,OVER,clean,2
2026-09-17,13:09:18,30935723,75%,EuroLeague,97.5,161.5,126,7.5,4.305,169,OVER,clean,1
2026-09-17,13:09:19,30935727,75%,EuroLeague,97.5,135.5,105,4.5,4.305,143,OVER,clean,1
2026-09-17,13:31:44,30935911,75%,CBA,82.5,193.5,157,4.643,4.455,184,UNDER,clean,1
2026-09-17,13:32:31,30935960,75%,KBL,75.0,176.5,137,4.15,3.892,170,UNDER,clean,5
2026-09-17,13:36:59,30935847,75%,NBA,97.5,200.5,154,6.5,5.641,208,OVER,clean,1
2026-09-17,13:39:00,30935959,75%,KBL,90.0,138.5,102,4.375,3.892,134,UNDER,clean,4
2026-09-17,13:40:12,30936013,75%,EuroLeague,75.0,195.5,149,4.55,4.305,202,OVER,clean,4
2026-09-17,13:40:12,30936013,Q3_BREAK,EuroLeague,75.0,195.5,149,4.65,4.305,202,OVER,clean,1
2026-09-17,13:52:22,30927761,75%,CYBER,77.77,222.5,171,4.733,4.469,211,UNDER,clean,5
2026-09-17,13:55:06,30936118,Q3_BREAK,TBSL,75.0,165.5,122,4.35,4.172,163,UNDER,clean,1
2026-09-17,14:08:53,30936439,75%,CBA,75.0,201.5,156,4.75,4.455,200,UNDER,clean,1
2026-09-17,14:13:08,30936470,75%,KBL,75.0,192.5,153,4.35,3.892,191,UNDER,clean,2
2026-09-17,14:14:46,30927765,75%,CYBER,75.0,244.5,190,4.958,4.469,251,OVER,clean,22
2026-09-17,14:17:03,30936440,75%,CBA,95.0,200.5,156,4.75,4.455,202,OVER,clean,1
2026-09-17,14:20:21,30936526,75%,EuroLeague,75.0,196.5,150,4.75,4.305,198,OVER,clean,2
2026-09-17,14:20:21,30936526,Q3_BREAK,EuroLeague,75.0,196.5,150,4.65,4.305,198,OVER,clean,1
2026-09-17,14:24:33,30936427,75%,NBA,97.5,203.5,160,6.5,5.641,202,UNDER,clean,1
2026-09-17,14:24:42,30936435,75%,NBA,97.5,223.5,176,7.5,5.641,231,OVER,clean,1
2026-09-17,14:24:43,30936437,75%,NBA,97.5,211.5,163,9.5,5.641,203,UNDER,clean,1
2026-09-17,14:29:02,30936523,75%,EuroLeague,97.5,172.5,134,4.5,4.305,175,OVER,clean,1
2026-09-17,14:29:03,30936528,75%,EuroLeague,97.5,188.5,146,4.5,4.305,173,UNDER,clean,3
2026-09-17,15:01:23,30937093,75%,EuroLeague,77.5,174.5,131,4.5,4.305,172,UNDER,clean,1
2026-09-17,15:15:28,30937193,75%,TBSL,75.0,196.5,155,4.35,4.172,199,OVER,clean,1
2026-09-17,15:18:46,30935866,75%,CYBER,76.56,235.5,173,5.022,4.471,226,UNDER,clean,18
2026-09-17,15:18:46,30935866,Q3_BREAK,CYBER,76.56,235.5,173,5.208,4.471,226,UNDER,clean,1
2026-09-17,15:24:11,30937188,75%,TBSL,97.5,141.5,107,5.5,4.172,141,UNDER,clean,1
2026-09-17,15:24:12,30937190,75%,TBSL,97.5,169.5,130,4.5,4.172,172,OVER,clean,1
2026-09-17,15:24:14,30937192,75%,TBSL,97.5,174.5,136,6.5,4.172,175,OVER,clean,1
2026-09-17,15:28:42,30937243,Q3_BREAK,CBA,75.0,211.5,164,4.75,4.454,212,OVER,clean,1
2026-09-17,15:29:40,30937243,75%,CBA,77.5,211.5,164,4.833,4.454,212,OVER,clean,1
2026-09-17,15:51:08,30927781,75%,CYBER,75.0,232.5,170,4.875,4.472,222,UNDER,clean,21
2026-09-17,15:51:08,30927781,Q3_BREAK,CYBER,75.0,232.5,170,5.208,4.472,222,UNDER,clean,1
2026-09-17,15:57:08,30927783,75%,CYBER,75.0,199.5,143,4.792,4.472,194,UNDER,clean,10
2026-09-17,15:57:08,30927783,Q3_BREAK,CYBER,75.0,199.5,143,4.708,4.472,194,UNDER,clean,1
2026-09-17,16:00:27,30937468,75%,TBSL,87.5,184.5,145,4.5,4.172,190,OVER,clean,1
2026-09-17,16:20:13,30937647,75%,EuroLeague,75.0,183.5,140,4.55,4.305,179,UNDER,clean,2
2026-09-17,16:29:22,30937649,75%,EuroLeague,97.5,152.5,116,5.5,4.305,137,UNDER,clean,1
2026-09-17,16:29:23,30937650,75%,EuroLeague,97.5,164.5,126,6.5,4.305,174,OVER,clean,1
2026-09-17,16:40:06,30937744,75%,TBSL,87.5,164.5,128,4.5,4.172,161,UNDER,clean,1
2026-09-17,16:46:31,30927785,75%,CYBER,75.0,224.5,164,5.125,4.471,232,OVER,clean,33
2026-09-17,16:46:31,30927785,Q3_BREAK,CYBER,75.0,224.5,164,5.042,4.471,232,OVER,clean,1
2026-09-17,16:48:39,30937683,75%,NBA,97.5,239.5,193,6.5,5.641,234,UNDER,clean,1
2026-09-17,16:48:40,30937684,75%,NBA,97.5,225.5,181,6.5,5.641,224,UNDER,clean,1
2026-09-17,16:54:36,30937846,75%,KBL,80.0,168.5,131,4.062,3.892,159,UNDER,clean,2
2026-09-17,16:57:26,30937816,75%,CBA,97.5,196.5,153,5.5,4.455,204,OVER,clean,2
2026-09-17,16:58:13,30927786,75%,CYBER,75.0,235.5,177,4.792,4.471,226,UNDER,clean,18
2026-09-17,16:58:13,30927786,Q3_BREAK,CYBER,75.0,235.5,177,4.875,4.471,226,UNDER,clean,1
2026-09-17,17:08:24,30937896,75%,EuroLeague,95.0,177.5,137,4.75,4.305,182,OVER,clean,2
2026-09-17,17:09:16,30937899,75%,EuroLeague,97.5,190.5,150,5.5,4.305,186,UNDER,clean,1
2026-09-17,17:15:34,30937964,75%,TBSL,75.0,212.5,163,4.35,4.172,213,OVER,clean,5
2026-09-17,17:15:34,30937964,Q3_BREAK,TBSL,75.0,212.5,163,4.95,4.172,213,OVER,clean,1
2026-09-17,17:33:36,30938125,75%,KBL,77.5,169.5,133,4.278,3.892,165,UNDER,clean,3
2026-09-17,17:36:26,30938005,75%,NBA,97.5,227.5,178,6.5,5.641,228,OVER,clean,1
2026-09-17,17:36:27,30938006,75%,NBA,97.5,245.5,199,8.5,5.641,244,UNDER,clean,1
2026-09-17,17:36:32,30938011,75%,NBA,97.5,220.5,170,9.5,5.641,213,UNDER,clean,1
2026-09-17,17:40:21,30938298,Q3_BREAK,EuroLeague,75.0,193.5,148,4.55,4.306,183,UNDER,clean,1
2026-09-17,17:41:14,30938298,75%,EuroLeague,77.5,193.5,148,4.5,4.306,183,UNDER,clean,3
2026-09-17,18:20:09,30938507,75%,EuroLeague,75.0,233.5,186,4.75,4.306,235,OVER,clean,8
2026-09-17,18:20:09,30938507,Q3_BREAK,EuroLeague,75.0,233.5,186,4.75,4.306,235,OVER,clean,1
2026-09-17,18:21:40,30938459,75%,KBL,97.5,165.5,130,4.5,3.892,165,UNDER,clean,1
2026-09-17,18:22:14,30927789,75%,CYBER,97.04,190.5,138,8.099,4.472,180,UNDER,clean,4
2026-09-17,18:24:40,30938417,75%,NBA,97.5,241.5,191,6.5,5.641,239,UNDER,clean,1
2026-09-17,18:28:59,30938510,75%,EuroLeague,97.5,146.5,110,4.5,4.306,147,OVER,clean,1
2026-09-17,18:29:00,30938513,75%,EuroLeague,97.5,162.5,126,4.5,4.306,162,UNDER,clean,2
2026-09-17,18:29:01,30938516,75%,EuroLeague,97.5,189.5,147,5.5,4.306,191,OVER,clean,3
2026-09-17,18:48:42,30938728,75%,CBA,75.0,228.5,177,4.95,4.456,217,UNDER,clean,3
2026-09-17,18:48:42,30938728,Q3_BREAK,CBA,75.0,228.5,177,5.15,4.456,217,UNDER,clean,1
2026-09-17,18:48:44,30938731,75%,CBA,75.0,220.5,175,4.65,4.456,218,UNDER,clean,1
2026-09-17,18:48:45,30938732,75%,CBA,75.0,192.5,146,4.75,4.456,184,UNDER,clean,2
2026-09-17,18:48:45,30938732,Q3_BREAK,CBA,75.0,192.5,146,4.65,4.456,184,UNDER,clean,1
2026-09-17,19:02:38,30938807,75%,EuroLeague,80.0,210.5,166,4.688,4.306,215,OVER,clean,3
2026-09-17,19:09:31,30938809,75%,EuroLeague,97.5,144.5,115,4.5,4.306,143,UNDER,clean,1
2026-09-17,19:12:27,30938771,75%,NBA,97.5,245.5,193,9.5,5.642,244,UNDER,clean,2
2026-09-17,19:12:34,30938779,75%,NBA,97.5,237.5,185,6.5,5.642,235,UNDER,clean,2
2026-09-17,19:24:13,30938897,75%,TBSL,97.5,135.5,102,5.5,4.173,144,OVER,clean,1
2026-09-17,19:32:34,30939021,75%,KBL,75.0,168.5,133,4.05,3.892,170,OVER,clean,2
2026-09-17,19:35:42,30939022,75%,KBL,82.5,177.5,140,4.071,3.892,169,UNDER,clean,4
2026-09-17,19:46:31,30939038,75%,EuroLeague,90.0,203.5,159,4.625,4.306,201,UNDER,clean,4
2026-09-17,19:49:13,30939040,75%,EuroLeague,97.5,174.5,139,7.5,4.306,158,UNDER,clean,1
2026-09-17,19:49:41,30939078,75%,NBA,75.0,265.5,206,5.95,5.643,267,OVER,clean,1
2026-09-17,19:49:41,30939078,Q3_BREAK,NBA,75.0,265.5,206,5.95,5.643,267,OVER,clean,1
2026-09-17,20:00:50,30939074,75%,NBA,97.5,181.5,134,6.5,5.643,167,UNDER,clean,1
2026-09-17,20:04:02,30939117,75%,TBSL,97.5,180.5,144,4.5,4.173,181,OVER,clean,2
2026-09-17,20:08:30,30939193,75%,CBA,75.0,200.5,153,4.75,4.457,208,OVER,clean,1
2026-09-17,20:08:30,30939193,Q3_BREAK,CBA,75.0,200.5,153,4.75,4.457,208,OVER,clean,1
2026-09-17,20:20:18,30939278,75%,EuroLeague,75.0,207.5,161,4.85,4.306,210,OVER,clean,7
2026-09-17,20:20:18,30939278,Q3_BREAK,EuroLeague,75.0,207.5,161,4.65,4.306,210,OVER,clean,1
2026-09-17,20:20:19,30939279,75%,EuroLeague,75.0,195.5,150,4.65,4.306,194,UNDER,clean,5
2026-09-17,20:20:19,30939279,Q3_BREAK,EuroLeague,75.0,195.5,150,4.55,4.306,194,UNDER,clean,1
2026-09-17,20:20:46,30927801,75%,CYBER,75.0,223.5,168,4.875,4.473,227,OVER,clean,15
2026-09-17,20:30:30,30927812,75%,CYBER,75.0,211.5,153,4.875,4.473,228,OVER,clean,11
2026-09-17,20:30:30,30927812,Q3_BREAK,CYBER,75.0,211.5,153,4.875,4.473,228,OVER,clean,1
2026-09-17,20:33:58,30927813,Q3_BREAK,CYBER,75.0,224.5,166,4.875,4.473,215,UNDER,clean,1
2026-09-17,20:35:15,30927813,75%,CYBER,75.35,224.5,166,4.691,4.473,215,UNDER,clean,13
2026-09-17,20:44:10,30939395,75%,TBSL,97.5,158.5,127,6.5,4.173,149,UNDER,clean,1
2026-09-17,20:44:12,30939402,75%,TBSL,97.5,164.5,130,5.5,4.173,172,OVER,clean,1
2026-09-17,20:48:16,30927844,75%,CYBER,77.44,222.5,171,4.755,4.473,209,UNDER,clean,11
2026-09-17,20:48:35,30939467,75%,CBA,75.0,206.5,161,5.05,4.457,207,OVER,clean,5
2026-09-17,21:00:35,30939526,75%,EuroLeague,75.0,171.5,132,4.65,4.307,171,UNDER,clean,6
2026-09-17,21:05:22,30939532,75%,EuroLeague,87.5,176.5,133,4.5,4.307,168,UNDER,clean,1
2026-09-17,21:34:43,30939634,75%,CBA,90.0,185.5,149,5.125,4.457,198,OVER,clean,1
2026-09-17,21:40:03,30940781,75%,EuroLeague,75.0,220.5,172,4.65,4.307,218,UNDER,clean,12
2026-09-17,21:40:03,30940781,Q3_BREAK,EuroLeague,75.0,220.5,172,4.85,4.307,218,UNDER,clean,1
2026-09-17,21:41:06,30940777,75%,EuroLeague,77.5,199.5,158,4.722,4.307,211,OVER,clean,2
2026-09-17,21:49:24,30940773,75%,EuroLeague,97.5,134.5,100,4.5,4.307,136,OVER,clean,1
2026-09-17,22:11:58,30940968,75%,CBA,82.5,212.5,169,4.643,4.457,215,OVER,clean,1
2026-09-17,22:13:48,30940955,75%,NBA,75.0,268.5,208,6.05,5.645,254,UNDER,clean,1
2026-09-17,22:13:48,30940955,Q3_BREAK,NBA,75.0,268.5,208,6.05,5.645,254,UNDER,clean,1
2026-09-17,22:13:52,30940959,75%,NBA,75.0,301.5,240,6.45,5.645,307,OVER,clean,1
2026-09-17,22:13:52,30940959,Q3_BREAK,NBA,75.0,301.5,240,6.15,5.645,307,OVER,clean,1
2026-09-17,22:29:07,30941005,75%,EuroLeague,97.5,156.5,119,4.5,4.307,157,OVER,clean,1
2026-09-17,22:48:49,30941116,Q3_BREAK,CBA,75.0,196.5,149,4.75,4.457,193,UNDER,clean,1
2026-09-17,22:52:46,30941135,Q3_BREAK,KBL,75.0,170.5,129,4.15,3.892,159,UNDER,clean,1
2026-09-17,22:54:06,30941118,75%,CBA,87.5,204.5,161,4.7,4.457,204,UNDER,clean,1
2026-09-17,22:57:30,30941117,75%,CBA,95.0,185.5,143,4.75,4.457,183,UNDER,clean,1
2026-09-17,23:01:06,30941166,75%,EuroLeague,77.5,199.5,156,4.833,4.307,186,UNDER,clean,4
2026-09-17,23:02:17,30941154,75%,NBA,75.0,297.5,235,6.45,5.645,303,OVER,clean,1
2026-09-17,23:02:17,30941154,Q3_BREAK,NBA,75.0,297.5,235,6.25,5.645,303,OVER,clean,1
2026-09-17,23:28:21,30941270,Q3_BREAK,CBA,75.0,198.5,152,4.65,4.458,203,OVER,clean,1
2026-09-17,23:28:23,30941272,Q3_BREAK,CBA,75.0,206.5,160,4.65,4.458,202,UNDER,clean,1
2026-09-17,23:37:29,30941274,75%,CBA,97.5,183.5,144,5.5,4.458,181,UNDER,clean,1
2026-09-17,23:48:56,30941314,75%,EuroLeague,97.5,175.5,135,5.5,4.306,175,UNDER,clean,1
2026-09-18,00:49:44,30941561,75%,CBA,77.5,188.5,147,4.722,4.459,183,UNDER,clean,1
2026-09-18,00:49:49,30941564,75%,CBA,77.5,198.5,158,4.833,4.459,195,UNDER,clean,2
2026-09-18,01:00:23,30941644,Q3_BREAK,EuroLeague,75.0,215.5,170,4.55,4.307,220,OVER,clean,1
2026-09-18,01:07:14,30941641,75%,EuroLeague,92.5,178.5,137,4.833,4.307,175,UNDER,clean,2
2026-09-18,01:11:50,30927868,75%,CYBER,75.0,254.5,190,4.792,4.473,261,OVER,clean,12
2026-09-18,01:11:50,30927868,Q3_BREAK,CYBER,75.0,254.5,190,5.375,4.473,261,OVER,clean,1
2026-09-18,01:25:55,30941716,75%,NBA,75.0,276.5,215,5.95,5.645,276,UNDER,clean,1
2026-09-18,01:25:55,30941716,Q3_BREAK,NBA,75.0,276.5,215,6.15,5.645,276,UNDER,clean,1
2026-09-18,01:41:43,30942025,75%,KBL,97.5,151.5,123,4.5,3.893,151,UNDER,clean,1
2026-09-18,01:49:21,30942122,75%,EuroLeague,97.5,175.5,135,5.5,4.307,180,OVER,clean,1
2026-09-18,01:49:24,30942128,75%,EuroLeague,97.5,171.5,137,4.5,4.307,164,UNDER,clean,1
2026-09-18,02:43:21,30927882,75%,CYBER,75.35,200.5,152,4.776,4.474,206,OVER,clean,5
2026-09-18,02:44:21,30942734,75%,TBSL,97.5,190.5,151,4.5,4.173,185,UNDER,clean,1
2026-09-18,03:02:31,30927881,75%,CYBER,80.56,224.5,170,4.662,4.474,208,UNDER,clean,7
2026-09-18,03:34:08,30942973,75%,KBL,77.5,183.5,144,4.056,3.892,180,UNDER,clean,1
2026-09-18,03:47:36,30943002,75%,EuroLeague,92.5,188.5,144,4.5,4.307,195,OVER,clean,1
2026-09-18,04:09:56,30927890,75%,CYBER,75.35,202.5,148,4.691,4.474,211,OVER,clean,4
2026-09-18,04:20:40,30943127,Q3_BREAK,EuroLeague,75.0,192.5,146,4.65,4.306,187,UNDER,clean,1
2026-09-18,04:20:43,30943130,Q3_BREAK,EuroLeague,75.0,216.5,170,4.65,4.306,225,OVER,clean,1
2026-09-18,04:23:31,30943130,75%,EuroLeague,82.5,216.5,170,4.5,4.306,225,OVER,clean,1
2026-09-18,04:38:19,30943217,75%,NBA,75.0,277.5,217,6.35,5.643,277,UNDER,clean,2
2026-09-18,04:38:19,30943217,Q3_BREAK,NBA,75.0,277.5,217,6.05,5.643,277,UNDER,clean,1
2026-09-18,04:41:12,30943248,75%,TBSL,90.0,175.5,136,4.625,4.173,176,OVER,clean,1
2026-09-18,04:51:36,30927889,75%,CYBER,93.06,220.5,165,4.655,4.474,206,UNDER,clean,2
2026-09-18,04:57:16,30943282,75%,CBA,97.5,182.5,140,6.5,4.459,180,UNDER,clean,4
2026-09-18,06:02:39,30943596,75%,TBSL,92.5,166.5,131,4.5,4.173,162,UNDER,clean,1
2026-09-18,06:04:16,30943600,75%,TBSL,95.0,130.5,95,5.25,4.173,121,UNDER,clean,1
2026-09-18,06:11:05,30943679,75%,CBA,75.0,199.5,150,5.15,4.459,179,UNDER,stale,3
2026-09-18,06:11:05,30943679,Q3_BREAK,CBA,75.0,199.5,150,4.95,4.459,179,UNDER,stale,1
2026-09-18,06:20:10,30943800,75%,EuroLeague,75.0,181.5,138,4.55,4.308,184,OVER,clean,8
2026-09-18,06:24:54,30943663,75%,NBA,97.5,220.5,184,7.5,5.643,207,UNDER,clean,1
2026-09-18,06:37:09,30943916,75%,TBSL,80.0,164.5,131,4.562,4.173,157,UNDER,clean,5
2026-09-18,06:39:07,30943912,75%,TBSL,85.0,150.5,120,4.417,4.173,152,OVER,clean,1
2026-09-18,07:12:32,30944026,75%,NBA,97.5,236.5,190,6.5,5.643,232,UNDER,clean,1
2026-09-18,07:12:33,30944027,75%,NBA,97.5,224.5,181,6.5,5.643,222,UNDER,clean,1
2026-09-18,07:28:53,30944326,Q3_BREAK,CBA,75.0,200.5,154,4.65,4.459,199,UNDER,clean,1
2026-09-18,07:30:05,30944326,75%,CBA,77.5,200.5,154,5.056,4.459,199,UNDER,clean,5
2026-09-18,07:49:40,30944481,75%,NBA,75.0,267.5,206,5.95,5.644,266,UNDER,clean,1
2026-09-18,07:49:40,30944481,Q3_BREAK,NBA,75.0,267.5,206,6.15,5.644,266,UNDER,clean,1
2026-09-18,07:49:41,30944482,75%,NBA,75.0,262.5,202,6.15,5.644,258,UNDER,clean,1
2026-09-18,07:49:41,30944482,Q3_BREAK,NBA,75.0,262.5,202,6.05,5.644,258,UNDER,clean,1
2026-09-18,08:12:05,30944706,75%,CBA,82.5,203.5,161,4.643,4.459,191,UNDER,clean,1
2026-09-18,08:20:15,30944187,75%,CYBER,76.15,206.5,152,4.76,4.473,216,OVER,clean,16
2026-09-18,08:23:43,30944199,75%,CYBER,76.73,253.5,201,4.79,4.473,231,UNDER,clean,9
2026-09-18,08:33:01,30944202,75%,CYBER,82.98,203.5,149,4.712,4.473,203,UNDER,clean,5
2026-09-18,08:38:21,30944897,75%,NBA,75.0,276.5,217,6.15,5.643,276,UNDER,clean,1
2026-09-18,08:38:21,30944897,Q3_BREAK,NBA,75.0,276.5,217,5.95,5.643,276,UNDER,clean,1
2026-09-18,08:39:17,30944920,75%,TBSL,85.0,201.5,161,4.417,4.172,197,UNDER,clean,1
2026-09-18,08:44:10,30944913,75%,TBSL,97.5,163.5,134,4.5,4.172,166,OVER,clean,1
2026-09-18,08:44:11,30944915,75%,TBSL,97.5,155.5,120,5.5,4.172,147,UNDER,clean,1
2026-09-18,08:44:12,30944918,75%,TBSL,97.5,163.5,125,4.5,4.172,161,UNDER,clean,1
2026-09-18,08:44:12,30944919,75%,TBSL,97.5,172.5,139,6.5,4.172,167,UNDER,clean,1
2026-09-18,08:53:48,30945046,75%,CBA,87.5,172.5,130,4.7,4.458,162,UNDER,clean,1
2026-09-18,08:56:59,30945048,75%,CBA,95.0,165.5,132,4.75,4.458,165,UNDER,clean,1
2026-09-18,09:33:38,30944224,75%,CYBER,77.08,199.5,,4.682,4.473,207,OVER,clean,14
2026-09-18,09:34:10,30945596,75%,KBL,77.5,175.5,140,4.167,3.891,190,OVER,clean,2
2026-09-18,09:40:39,30945595,75%,KBL,95.0,149.5,118,4.25,3.891,151,OVER,clean,1
2026-09-18,10:04:29,30945853,75%,TBSL,97.5,172.5,130,5.5,4.172,156,UNDER,clean,1
2026-09-18,10:11:52,30945988,75%,CBA,82.5,203.5,162,4.643,4.457,204,OVER,clean,1
2026-09-18,10:16:57,30945975,75%,NBA,77.5,204.5,154,6.389,5.644,206,OVER,clean,4
2026-09-18,10:19:27,30944251,75%,CYBER,81.04,204.5,155,4.78,4.473,199,UNDER,clean,7
2026-09-18,10:22:22,30946062,75%,EuroLeague,80.0,201.5,164,4.562,4.306,201,UNDER,clean,1
2026-09-18,10:29:23,30946066,75%,EuroLeague,97.5,143.5,109,5.5,4.306,141,UNDER,clean,1
2026-09-18,10:34:28,30944225,75%,CYBER,75.0,236.5,179,4.792,4.472,241,OVER,clean,16
2026-09-18,10:34:28,30944225,Q3_BREAK,CYBER,75.0,236.5,179,4.792,4.472,241,OVER,clean,1
2026-09-18,11:00:29,30946489,Q3_BREAK,EuroLeague,75.0,205.5,159,4.65,4.306,200,UNDER,clean,1
2026-09-18,11:10:54,30944258,75%,CYBER,77.4,219.5,167,4.654,4.473,226,OVER,clean,4
2026-09-18,11:17:08,30946596,75%,TBSL,80.0,192.5,152,4.438,4.172,189,UNDER,clean,1
2026-09-18,11:23:50,30944262,75%,CYBER,75.69,203.5,148,4.841,4.473,197,UNDER,clean,12
2026-09-18,11:33:09,30946700,75%,KBL,75.0,187.5,149,4.05,3.892,196,OVER,clean,1
2026-09-18,11:45:13,30946770,75%,EuroLeague,87.5,182.5,,4.5,4.306,184,OVER,clean,2
2026-09-18,12:00:40,30946790,75%,NBA,97.5,208.5,161,8.5,5.643,206,UNDER,clean,1
2026-09-18,12:03:41,30944260,Q3_BREAK,CYBER,75.0,221.5,165,4.708,4.473,227,OVER,clean,1
2026-09-18,12:04:10,30944260,75%,CYBER,76.04,221.5,165,4.739,4.473,227,OVER,clean,13
2026-09-18,12:04:14,30946857,75%,TBSL,97.5,161.5,124,6.5,4.173,158,UNDER,clean,1
2026-09-18,12:16:25,30944267,75%,CYBER,78.85,235.5,181,4.778,4.473,237,OVER,clean,6
2026-09-18,12:23:13,30947139,75%,EuroLeague,82.5,199.5,162,4.5,4.306,194,UNDER,clean,2
2026-09-18,12:37:43,30947256,75%,TBSL,80.0,197.5,157,4.438,4.173,187,UNDER,clean,1
2026-09-18,12:46:01,30944275,75%,CYBER,75.0,258.5,195,5.042,4.474,246,UNDER,clean,11
2026-09-18,12:46:01,30944275,Q3_BREAK,CYBER,75.0,258.5,195,5.292,4.474,246,UNDER,clean,1
2026-09-18,12:48:38,30947244,75%,NBA,97.5,236.5,187,6.5,5.643,226,UNDER,clean,1
2026-09-18,13:19:29,30947521,75%,TBSL,85.0,180.5,141,4.417,4.172,185,OVER,clean,1
2026-09-18,13:26:31,30947603,75%,NBA,75.0,259.5,202,5.95,5.644,254,UNDER,clean,1
2026-09-18,13:37:44,30947673,75%,CBA,97.5,158.5,125,6.5,4.458,156,UNDER,clean,1
2026-09-18,13:41:27,30947797,75%,EuroLeague,77.5,171.5,134,4.5,4.306,168,UNDER,clean,1
2026-09-18,13:41:33,30947752,75%,KBL,97.5,162.5,129,5.5,3.891,162,UNDER,clean,1
2026-09-18,14:07:23,30944276,75%,CYBER,76.73,213.5,165,4.79,4.475,226,OVER,clean,4
2026-09-18,14:12:06,30944289,75%,CYBER,80.15,230.5,183,4.879,4.475,222,UNDER,clean,10
2026-09-18,14:13:34,30948048,Q3_BREAK,NBA,75.0,248.5,188,6.05,5.644,251,OVER,clean,1
2026-09-18,14:13:36,30948049,75%,NBA,75.0,262.5,203,6.05,5.644,264,OVER,clean,1
2026-09-18,14:13:36,30948049,Q3_BREAK,NBA,75.0,262.5,203,5.95,5.644,264,OVER,clean,1
2026-09-18,14:13:37,30948050,75%,NBA,75.0,238.5,185,5.95,5.644,230,UNDER,clean,1
2026-09-18,14:16:41,30944277,75%,CYBER,82.98,215.5,161,5.324,4.475,206,UNDER,clean,12
2026-09-18,14:20:15,30948159,75%,EuroLeague,75.0,196.5,155,4.85,4.306,193,UNDER,clean,4
2026-09-18,14:20:17,30948160,75%,EuroLeague,75.0,200.5,162,4.55,4.306,205,OVER,clean,3
2026-09-18,14:20:18,30948161,Q3_BREAK,EuroLeague,75.0,183.5,138,4.55,4.306,181,UNDER,clean,1
2026-09-18,14:29:15,30948161,75%,EuroLeague,97.5,183.5,138,4.5,4.306,181,UNDER,clean,1
2026-09-18,14:54:53,30945378,75%,CYBER,86.88,201.5,152,4.683,4.475,183,UNDER,clean,17
2026-09-18,14:57:19,30948468,75%,CBA,97.5,188.5,145,6.5,4.457,190,OVER,clean,1
2026-09-18,15:35:54,30949014,75%,TBSL,75.0,194.5,147,4.75,4.172,193,UNDER,clean,14
2026-09-18,15:35:54,30949014,Q3_BREAK,TBSL,75.0,194.5,147,4.75,4.172,193,UNDER,clean,1
2026-09-18,15:38:25,30948984,75%,NBA,97.5,226.5,178,47.5,5.645,220,UNDER,clean,2
2026-09-18,15:49:27,30948980,75%,NBA,97.5,217.5,170,6.5,5.645,217,UNDER,clean,1
2026-09-18,16:19:06,30949293,75%,TBSL,82.5,197.5,161,4.357,4.172,192,UNDER,clean,2
2026-09-18,16:25:12,30949291,75%,TBSL,97.5,191.5,151,4.5,4.172,185,UNDER,clean,1
2026-09-18,16:25:13,30949292,75%,TBSL,97.5,198.5,162,4.5,4.172,200,OVER,clean,1
2026-09-18,16:37:27,30949369,75%,NBA,97.5,254.5,197,8.5,5.645,251,UNDER,clean,2
2026-09-18,16:50:22,30949457,75%,EuroLeague,97.5,180.5,141,7.5,4.307,168,UNDER,clean,2
2026-09-18,17:05:17,30949537,75%,TBSL,97.5,149.5,112,4.5,4.172,146,UNDER,clean,2
2026-09-18,17:25:29,30949596,75%,NBA,97.5,218.5,168,6.5,5.645,210,UNDER,clean,1
2026-09-18,17:29:59,30949665,75%,EuroLeague,97.5,165.5,127,7.5,4.307,166,OVER,clean,3
2026-09-18,17:30:00,30949666,75%,EuroLeague,97.5,171.5,134,5.5,4.307,166,UNDER,clean,4
2026-09-18,18:45:11,30950201,75%,TBSL,97.5,150.5,120,4.5,4.172,145,UNDER,clean,1
2026-09-18,18:49:49,30950173,75%,NBA,97.5,203.5,155,7.5,5.645,194,UNDER,clean,1
2026-09-18,18:49:54,30950178,75%,NBA,97.5,255.5,199,7.5,5.645,257,OVER,clean,1
2026-09-18,19:01:10,30950315,Q3_BREAK,EuroLeague,75.0,191.5,145,4.65,4.307,190,UNDER,clean,1
2026-09-18,19:36:30,30950402,75%,NBA,95.0,214.5,171,7.25,5.645,216,OVER,clean,5
2026-09-18,19:36:31,30950403,75%,NBA,95.0,237.5,187,8.25,5.645,227,UNDER,clean,8
2026-09-18,19:37:47,30950409,75%,NBA,97.5,238.5,185,6.5,5.645,234,UNDER,clean,1
2026-09-18,19:42:34,30945457,Q3_BREAK,CYBER,75.0,229.5,173,4.708,4.474,240,OVER,clean,1
2026-09-18,19:49:23,30945457,75%,CYBER,86.46,229.5,173,4.692,4.474,240,OVER,clean,5
2026-09-18,20:45:19,30950772,75%,NBA,85.0,190.5,145,5.917,5.645,190,UNDER,clean,8
2026-09-18,20:49:47,30950765,75%,NBA,97.5,238.5,186,6.5,5.645,234,UNDER,clean,1
2026-09-18,21:01:24,30950911,Q3_BREAK,EuroLeague,75.0,201.5,155,4.65,4.307,195,UNDER,clean,1
2026-09-18,21:01:26,30950914,75%,EuroLeague,75.0,187.5,143,4.55,4.307,176,UNDER,clean,3
2026-09-18,21:16:25,30950971,75%,TBSL,75.0,202.5,159,4.35,4.172,188,UNDER,clean,1
2026-09-18,21:16:25,30950971,Q3_BREAK,TBSL,75.0,202.5,159,4.35,4.172,188,UNDER,clean,1
2026-09-18,21:41:38,30952069,75%,EuroLeague,75.0,197.5,153,4.55,4.307,199,OVER,clean,2
2026-09-18,21:41:40,30952075,75%,EuroLeague,75.0,200.5,161,4.55,4.307,203,OVER,clean,2
2026-09-18,22:01:48,30945497,75%,CYBER,75.35,203.5,148,4.861,4.475,194,UNDER,clean,8
2026-09-18,22:05:07,30945462,75%,CYBER,75.21,207.5,152,4.748,4.475,198,UNDER,clean,5
2026-09-18,22:06:05,30945500,75%,CYBER,78.4,220.5,168,4.773,4.475,210,UNDER,clean,2
2026-09-18,22:33:30,30952453,75%,KBL,75.0,155.5,117,4.05,3.891,154,UNDER,clean,2
2026-09-18,22:35:36,30945513,75%,CYBER,75.0,217.5,163,4.792,4.474,221,OVER,clean,13
2026-09-18,22:36:09,30952467,75%,TBSL,75.0,177.5,134,4.35,4.172,181,OVER,clean,3
2026-09-18,22:36:09,30952467,Q3_BREAK,TBSL,75.0,177.5,134,4.35,4.172,181,OVER,clean,1
2026-09-18,23:10:22,30952592,75%,EuroLeague,97.5,174.5,140,7.5,4.307,169,UNDER,clean,1
2026-09-18,23:10:23,30952594,75%,EuroLeague,97.5,169.5,134,7.5,4.307,164,UNDER,clean,1
2026-09-18,23:10:23,30952597,75%,EuroLeague,97.5,160.5,127,6.5,4.307,164,OVER,clean,1
2026-09-18,23:13:39,30952558,75%,NBA,97.5,233.5,183,6.5,5.645,224,UNDER,clean,1
2026-09-18,23:13:45,30952565,75%,NBA,97.5,230.5,178,6.5,5.645,231,OVER,clean,1
2026-09-18,23:17:38,30952630,75%,CBA,95.0,200.5,155,4.75,4.456,198,UNDER,clean,4
2026-09-18,23:18:32,30952629,75%,CBA,97.5,187.5,150,6.5,4.456,194,OVER,clean,1
2026-09-18,23:22:59,30945527,Q3_BREAK,CYBER,75.0,193.5,137,4.708,4.474,199,OVER,clean,1
2026-09-18,23:23:09,30945527,75%,CYBER,75.0,193.5,137,4.708,4.474,199,OVER,clean,33
2026-09-18,23:40:54,30952742,75%,EuroLeague,75.0,214.5,166,4.65,4.307,206,UNDER,clean,14
2026-09-18,23:40:54,30952742,Q3_BREAK,EuroLeague,75.0,214.5,166,4.85,4.307,206,UNDER,clean,1
2026-09-18,23:43:56,30952743,75%,EuroLeague,82.5,183.5,143,4.5,4.307,183,UNDER,clean,1
2026-09-18,23:49:56,30952744,75%,EuroLeague,97.5,172.5,135,6.5,4.307,167,UNDER,clean,3
2026-09-19,00:29:45,30945533,75%,CYBER,78.29,224.5,170,4.654,4.473,219,UNDER,clean,3
2026-09-19,00:37:43,30952828,Q3_BREAK,NBA,75.0,249.5,189,6.05,5.645,236,UNDER,clean,1
2026-09-19,00:37:47,30952831,75%,NBA,75.0,282.5,220,6.25,5.645,280,UNDER,clean,1
2026-09-19,00:37:47,30952831,Q3_BREAK,NBA,75.0,282.5,220,6.25,5.645,280,UNDER,clean,1
2026-09-19,01:00:36,30952961,75%,EuroLeague,75.0,228.5,182,4.55,4.308,231,OVER,clean,6
2026-09-19,01:00:36,30952961,Q3_BREAK,EuroLeague,75.0,228.5,182,4.65,4.308,231,OVER,clean,1
2026-09-19,01:14:19,30945573,75%,CYBER,75.58,248.5,187,5.162,4.473,246,UNDER,clean,5
2026-09-19,01:14:19,30945573,Q3_BREAK,CYBER,75.58,248.5,187,5.125,4.473,246,UNDER,clean,1
2026-09-19,01:25:28,30953034,75%,NBA,75.0,260.5,204,6.15,5.645,258,UNDER,clean,1
2026-09-19,02:10:54,30953723,75%,CBA,75.0,225.5,174,5.15,4.457,223,UNDER,clean,3
2026-09-19,02:10:54,30953723,Q3_BREAK,CBA,75.0,225.5,174,5.15,4.457,223,UNDER,clean,1
2026-09-19,02:57:36,30954309,75%,CBA,97.5,170.5,135,7.5,4.457,156,UNDER,clean,1
2026-09-19,03:00:59,30954320,75%,KBL,95.0,162.5,127,4.25,3.89,178,OVER,clean,1
2026-09-19,03:42:29,30954503,75%,EuroLeague,80.0,184.5,143,4.562,4.308,172,UNDER,clean,3
2026-09-19,03:50:07,30954521,75%,NBA,75.0,247.5,190,6.25,5.645,239,UNDER,clean,1
2026-09-19,03:50:12,30954525,Q3_BREAK,NBA,75.0,270.5,211,5.95,5.645,267,UNDER,clean,1
2026-09-19,03:57:31,30945592,75%,CYBER,76.73,185.5,134,4.7,4.475,189,OVER,clean,7
2026-09-19,04:09:38,30954600,75%,CBA,77.5,204.5,161,4.722,4.456,195,UNDER,clean,2
2026-09-19,04:13:03,30954613,75%,KBL,75.0,181.5,141,4.15,3.89,175,UNDER,clean,4
2026-09-19,04:13:03,30954613,Q3_BREAK,KBL,75.0,181.5,141,4.05,3.89,175,UNDER,clean,1
2026-09-19,04:41:08,30954743,75%,TBSL,87.5,160.5,133,4.5,4.173,151,UNDER,clean,2
2026-09-19,04:41:45,30954748,75%,TBSL,90.0,197.5,167,4.625,4.173,204,OVER,clean,1
2026-09-19,04:57:11,30954819,75%,CBA,95.0,216.5,171,4.75,4.456,212,UNDER,clean,1
2026-09-19,05:02:18,30954841,75%,EuroLeague,80.0,164.5,125,5.562,4.308,161,UNDER,clean,2
2026-09-19,05:02:20,30954842,75%,EuroLeague,80.0,189.5,153,4.562,4.308,196,OVER,clean,1
2026-09-19,05:02:21,30954843,75%,EuroLeague,80.0,206.5,169,4.688,4.308,206,UNDER,clean,1
2026-09-19,05:11:50,30945601,Q3_BREAK,CYBER,75.0,196.5,140,4.708,4.473,183,UNDER,clean,1
2026-09-19,05:16:03,30945601,75%,CYBER,80.77,196.5,140,4.713,4.473,183,UNDER,clean,5
2026-09-19,05:30:00,30954957,75%,CBA,77.5,170.5,131,4.722,4.456,168,UNDER,clean,2
2026-09-19,05:36:25,30954931,75%,NBA,97.5,214.5,163,6.5,5.647,202,UNDER,clean,1
2026-09-19,05:36:32,30954940,75%,NBA,97.5,253.5,199,6.5,5.647,258,OVER,clean,1
2026-09-19,06:17:32,30955293,75%,KBL,85.0,174.5,137,4.25,3.888,162,UNDER,clean,1
2026-09-19,06:20:16,30955327,Q3_BREAK,EuroLeague,75.0,186.5,141,4.55,4.308,191,OVER,clean,1
2026-09-19,06:20:17,30955328,Q3_BREAK,EuroLeague,75.0,200.5,153,4.75,4.308,184,UNDER,clean,1
2026-09-19,06:29:06,30955327,75%,EuroLeague,97.5,186.5,141,4.5,4.308,191,OVER,clean,1
2026-09-19,06:29:09,30955332,75%,EuroLeague,97.5,164.5,126,6.5,4.308,157,UNDER,clean,1
2026-09-19,06:43:21,30955409,75%,TBSL,95.0,181.5,140,6.25,4.173,169,UNDER,clean,1
2026-09-19,06:43:24,30955414,75%,TBSL,95.0,149.5,113,4.75,4.173,134,UNDER,clean,1
2026-09-19,06:47:06,30955198,75%,CYBER,83.27,216.5,167,4.67,4.472,203,UNDER,clean,4
2026-09-19,06:49:19,30955493,75%,CBA,75.0,225.5,180,4.65,4.455,232,OVER,clean,3
2026-09-19,06:53:07,30955516,75%,KBL,75.0,179.5,140,4.05,3.888,170,UNDER,clean,1
2026-09-19,06:58:00,30955197,75%,CYBER,75.0,226.5,170,4.792,4.472,222,UNDER,clean,8
2026-09-19,06:58:00,30955197,Q3_BREAK,CYBER,75.0,226.5,170,4.708,4.472,222,UNDER,clean,1
2026-09-19,07:02:25,30955535,75%,NBA,75.0,266.5,209,6.05,5.648,257,UNDER,clean,1
2026-09-19,07:03:38,30955200,75%,CYBER,76.73,209.5,157,4.7,4.472,223,OVER,clean,7
2026-09-19,07:05:35,30955199,75%,CYBER,88.71,211.5,159,4.889,4.472,221,OVER,clean,3
2026-09-19,07:18:56,30955731,75%,TBSL,85.0,171.5,132,4.417,4.173,170,UNDER,clean,3
2026-09-19,07:24:04,30955728,75%,TBSL,97.5,169.5,133,4.5,4.173,182,OVER,clean,1
2026-09-19,07:30:28,30955886,75%,CBA,80.0,192.5,150,4.688,4.455,205,OVER,clean,1
2026-09-19,07:37:20,30955884,75%,CBA,97.5,179.5,140,5.5,4.455,166,UNDER,clean,4
2026-09-19,07:48:50,30956008,75%,EuroLeague,97.5,168.5,131,8.5,4.308,176,OVER,clean,4
2026-09-19,07:49:02,30956009,75%,EuroLeague,97.5,157.5,123,5.5,4.308,161,OVER,clean,3
2026-09-19,12:21:19,30957717,75%,CYBER,75.0,246.5,183,5.042,4.472,247,OVER,clean,97
2026-09-19,12:21:19,30957717,Q3_BREAK,CYBER,75.0,246.5,183,5.292,4.472,247,OVER,clean,1
2026-09-19,20:37:58,30960308,75%,TBSL,82.5,166.5,124,4.5,4.173,158,UNDER,clean,1
2026-09-19,20:43:09,30960513,75%,CYBER,75.0,211.5,155,4.792,4.474,231,OVER,clean,15
2026-09-19,20:43:09,30960513,Q3_BREAK,CYBER,75.0,211.5,155,4.708,4.474,231,OVER,clean,1
2026-09-19,20:57:29,30960365,75%,CBA,97.5,173.5,134,5.5,4.456,180,OVER,clean,2
2026-09-19,21:01:23,30960395,75%,KBL,97.5,118.5,90,4.5,3.888,105,UNDER,clean,2
2026-09-19,21:09:02,30960412,75%,EuroLeague,97.5,147.5,115,4.5,4.308,139,UNDER,clean,2
2026-09-19,21:15:10,30960478,75%,TBSL,75.0,197.5,156,4.55,4.173,208,OVER,clean,7
2026-09-19,21:28:43,30960523,75%,CBA,75.0,187.5,145,4.75,4.456,190,OVER,clean,10
2026-09-19,21:36:27,30960506,75%,NBA,97.5,231.5,179,7.5,5.648,237,OVER,clean,2
2026-09-19,21:36:28,30960509,75%,NBA,97.5,217.5,167,9.5,5.648,212,UNDER,clean,2
2026-09-19,21:36:29,30960510,75%,NBA,97.5,209.5,161,6.5,5.648,213,OVER,clean,1
2026-09-19,21:42:54,30960514,75%,CYBER,75.0,210.5,156,4.708,4.475,212,OVER,clean,16
2026-09-19,21:49:11,30956101,75%,CYBER,75.0,178.5,121,4.708,4.475,178,UNDER,clean,15
2026-09-19,21:49:11,30956101,Q3_BREAK,CYBER,75.0,178.5,121,4.792,4.475,178,UNDER,clean,1
2026-09-19,22:13:37,30961622,75%,NBA,75.0,258.5,201,5.95,5.648,261,OVER,clean,1
2026-09-19,22:24:28,30961623,75%,NBA,97.5,180.5,137,7.5,5.648,183,OVER,clean,2
2026-09-19,22:24:31,30961625,75%,NBA,97.5,243.5,192,6.5,5.648,241,UNDER,clean,2
2026-09-19,22:35:05,30961785,75%,TBSL,75.0,189.5,148,4.45,4.174,191,OVER,clean,6
2026-09-19,22:44:22,30961787,75%,TBSL,97.5,151.5,114,4.5,4.174,161,OVER,clean,1
2026-09-19,23:25:51,30956107,75%,CYBER,75.0,209.5,152,4.708,4.473,198,UNDER,clean,52
2026-09-19,23:25:51,30956107,Q3_BREAK,CYBER,75.0,209.5,152,4.792,4.473,198,UNDER,clean,1
2026-09-19,23:28:21,30961958,Q3_BREAK,CBA,75.0,195.5,148,4.75,4.455,187,UNDER,clean,1
2026-09-19,23:28:34,30961958,75%,CBA,75.0,195.5,148,4.65,4.455,187,UNDER,clean,6
2026-09-19,23:41:11,30961977,75%,KBL,97.5,141.5,108,4.5,3.887,139,UNDER,clean,5
2026-09-19,23:49:01,30962011,75%,EuroLeague,97.5,194.5,153,5.5,4.306,197,OVER,clean,1
2026-09-20,00:38:02,30962101,75%,NBA,75.0,264.5,206,6.15,5.648,271,OVER,clean,1
2026-09-20,00:52:36,30962223,Q3_BREAK,KBL,75.0,172.5,132,4.05,3.887,172,UNDER,clean,1
2026-09-20,00:55:07,30962223,75%,KBL,80.0,172.5,132,4.062,3.887,172,UNDER,clean,1
2026-09-20,00:56:39,30962196,75%,CBA,95.0,193.5,150,4.75,4.456,188,UNDER,clean,1
2026-09-20,01:00:58,30962258,Q3_BREAK,EuroLeague,75.0,212.5,167,4.55,4.307,216,OVER,clean,1
2026-09-20,01:03:18,30962258,75%,EuroLeague,82.5,212.5,167,4.5,4.307,216,OVER,clean,2
2026-09-20,01:15:22,30962361,Q3_BREAK,TBSL,75.0,177.5,134,4.35,4.174,174,UNDER,clean,1
2026-09-20,01:28:54,30962412,75%,CBA,75.0,206.5,159,4.65,4.456,200,UNDER,clean,2
2026-09-20,01:28:54,30962412,Q3_BREAK,CBA,75.0,206.5,159,4.75,4.456,200,UNDER,clean,1
2026-09-20,01:36:26,30962384,75%,NBA,97.5,212.5,166,6.5,5.648,204,UNDER,clean,1
2026-09-20,01:36:28,30962387,75%,NBA,97.5,226.5,177,6.5,5.648,215,UNDER,clean,1
2026-09-20,02:12:37,30963212,75%,KBL,75.0,165.5,123,4.05,3.887,155,UNDER,clean,5
2026-09-20,02:12:37,30963212,Q3_BREAK,KBL,75.0,165.5,123,4.25,3.887,155,UNDER,clean,1
2026-09-20,02:21:16,30963245,75%,EuroLeague,77.5,203.5,162,4.5,4.307,205,OVER,clean,1
2026-09-20,02:24:42,30963183,75%,NBA,97.5,230.5,176,8.5,5.647,222,UNDER,clean,1
2026-09-20,02:48:59,30963359,75%,CBA,75.0,217.5,170,5.05,4.457,210,UNDER,clean,5
2026-09-20,02:48:59,30963359,Q3_BREAK,CBA,75.0,217.5,170,4.75,4.457,210,UNDER,clean,1
2026-09-20,03:32:40,30963580,75%,KBL,75.0,206.5,163,4.55,3.886,209,OVER,clean,7
2026-09-20,03:32:40,30963580,Q3_BREAK,KBL,75.0,206.5,163,4.35,3.886,209,OVER,clean,1
2026-09-20,03:50:03,30963627,Q3_BREAK,NBA,75.0,265.5,206,5.95,5.648,263,UNDER,clean,1
2026-09-20,04:02:32,30956176,75%,CYBER,78.81,188.5,139,4.671,4.474,194,OVER,clean,5
2026-09-20,04:04:00,30963656,75%,TBSL,97.5,158.5,124,5.5,4.173,152,UNDER,clean,1
2026-09-20,04:15:01,30956177,75%,CYBER,93.38,205.5,153,5.189,4.473,197,UNDER,clean,5
2026-09-20,04:49:54,30956179,Q3_BREAK,CYBER,75.0,214.5,158,4.708,4.473,212,UNDER,clean,1
2026-09-20,04:50:46,30963889,75%,CBA,80.0,203.5,163,4.688,4.456,213,OVER,clean,1
2026-09-20,04:52:02,30956179,75%,CYBER,78.96,214.5,158,4.703,4.473,212,UNDER,clean,6
2026-09-20,05:17:24,30956182,Q3_BREAK,CYBER,75.0,234.5,175,4.958,4.473,236,OVER,clean,1
2026-09-20,05:18:22,30956182,75%,CYBER,75.69,234.5,175,4.841,4.473,236,OVER,clean,11
2026-09-20,05:21:46,30956180,75%,CYBER,91.46,202.5,153,4.756,4.473,202,UNDER,clean,3
2026-09-20,05:25:46,30964003,75%,NBA,75.0,268.5,210,6.25,5.648,268,UNDER,clean,1
2026-09-20,05:32:44,30964039,75%,CBA,85.0,195.5,155,4.75,4.456,188,UNDER,clean,1
2026-09-20,06:13:12,30964390,75%,CBA,85.0,204.5,164,4.917,4.456,198,UNDER,clean,1
2026-09-20,06:22:12,30964404,75%,KBL,97.5,118.5,,4.5,3.886,124,OVER,clean,1
2026-09-20,06:28:25,30964434,75%,EuroLeague,95.0,166.5,128,4.75,4.306,161,UNDER,clean,3
2026-09-20,06:56:20,30964359,75%,CYBER,82.12,244.5,190,4.837,4.473,243,UNDER,clean,7
2026-09-20,07:00:16,30964360,75%,CYBER,82.81,203.5,148,4.788,4.473,197,UNDER,clean,6
2026-09-20,07:09:21,30964650,75%,NBA,87.5,218.5,170,6.9,5.648,217,UNDER,clean,7
2026-09-20,07:12:41,30964651,75%,NBA,97.5,223.5,171,6.5,5.648,217,UNDER,clean,1
2026-09-20,07:41:37,30964835,75%,KBL,97.5,195.5,160,5.5,3.886,191,UNDER,clean,1
2026-09-20,07:41:38,30964838,75%,KBL,97.5,171.5,136,6.5,3.886,166,UNDER,clean,1
2026-09-20,07:42:25,30964888,75%,EuroLeague,80.0,192.5,152,4.562,4.306,201,OVER,clean,2
2026-09-20,07:49:52,30964915,75%,NBA,75.0,269.5,216,6.05,5.647,273,OVER,clean,2
2026-09-20,07:58:22,30964971,75%,TBSL,82.5,174.5,133,5.214,4.171,163,UNDER,clean,7
2026-09-20,07:59:24,30964973,75%,TBSL,85.0,197.5,155,4.417,4.171,205,OVER,clean,1
2026-09-20,08:20:59,30965140,75%,EuroLeague,75.0,182.5,138,4.55,4.306,188,OVER,clean,5
2026-09-20,08:23:28,30965142,75%,EuroLeague,82.5,200.5,158,4.786,4.306,198,UNDER,clean,3
2026-09-20,09:09:17,30965395,75%,EuroLeague,97.5,160.5,124,6.5,4.306,157,UNDER,clean,1
2026-09-20,09:15:22,30965455,75%,TBSL,75.0,219.5,176,4.55,4.17,227,OVER,clean,10
2026-09-20,09:15:22,30965455,Q3_BREAK,TBSL,75.0,219.5,176,4.35,4.17,227,OVER,clean,1
2026-09-20,09:24:38,30965457,75%,TBSL,97.5,161.5,125,6.5,4.17,164,OVER,clean,1
2026-09-20,09:25:35,30965478,75%,NBA,75.0,242.5,185,5.95,5.647,256,OVER,clean,1
2026-09-20,09:32:01,30964499,75%,CYBER,75.0,245.5,188,4.708,4.474,263,OVER,clean,45
2026-09-20,09:32:01,30964499,Q3_BREAK,CYBER,75.0,245.5,188,4.792,4.474,263,OVER,clean,1
2026-09-20,09:48:51,30965669,75%,EuroLeague,97.5,181.5,141,4.5,4.307,189,OVER,clean,3
2026-09-20,12:20:07,30964773,75%,CYBER,75.0,203.5,149,4.708,4.475,223,OVER,clean,24
